,mean_fit_time,std_fit_time,mean_score_time,std_score_time,param_criterion,param_max_depth,param_min_samples_split,param_n_estimators,params,split0_test_Precision,split1_test_Precision,split2_test_Precision,split3_test_Precision,split4_test_Precision,mean_test_Precision,std_test_Precision,rank_test_Precision,split0_test_Recall,split1_test_Recall,split2_test_Recall,split3_test_Recall,split4_test_Recall,mean_test_Recall,std_test_Recall,rank_test_Recall,split0_test_F1,split1_test_F1,split2_test_F1,split3_test_F1,split4_test_F1,mean_test_F1,std_test_F1,rank_test_F1
0,0.07647242546081542,0.0005663787099613642,0.012540483474731445,0.00015149511999119707,gini,5,2,50,"{'criterion': 'gini', 'max_depth': 5, 'min_samples_split': 2, 'n_estimators': 50}",0.5084745762711864,0.54,0.5853658536585366,0.5609756097560976,0.4406779661016949,0.5272602267380169,0.049938007917098216,4,0.46875,0.421875,0.375,0.36507936507936506,0.4126984126984127,0.40880216333845365,0.03700401356391588,93,0.4878048780487804,0.4736842105263158,0.45714285714285713,0.4423076923076923,0.4262295081967213,0.45757616552092356,0.02184113636442334,47
1,0.150980806350708,0.00037343801531796036,0.021984434127807616,0.00010048449070395588,gini,5,2,100,"{'criterion': 'gini', 'max_depth': 5, 'min_samples_split': 2, 'n_estimators': 100}",0.5423728813559322,0.5192307692307693,0.5348837209302325,0.46511627906976744,0.48148148148148145,0.5088340349920575,0.03019328193427744,17,0.5,0.421875,0.359375,0.31746031746031744,0.4126984126984127,0.4025103320898252,0.06177652323366572,105,0.5203252032520326,0.46551724137931033,0.42990654205607476,0.3773584905660377,0.4444444444444444,0.4477353239207434,0.04659958167851364,84
2,0.3015590667724609,0.0010401112927585702,0.04098267555236816,0.0007779928040243182,gini,5,2,200,"{'criterion': 'gini', 'max_depth': 5, 'min_samples_split': 2, 'n_estimators': 200}",0.5245901639344263,0.5384615384615384,0.4888888888888889,0.4722222222222222,0.47368421052631576,0.49973294513498806,0.02709708856596544,35,0.5,0.4375,0.34375,0.2698412698412698,0.42857142857142855,0.39621964377148705,0.08022760075661646,111,0.512,0.4827586206896552,0.40366972477064217,0.34343434343434337,0.45,0.4386284847286164,0.05951813146271059,111
3,0.07670636177062988,0.0006746111798107847,0.012572479248046876,0.00017996351106276518,gini,5,3,50,"{'criterion': 'gini', 'max_depth': 5, 'min_samples_split': 3, 'n_estimators': 50}",0.532258064516129,0.48936170212765956,0.5111111111111111,0.4090909090909091,0.4716981132075472,0.48296394602518083,0.04199007478926074,67,0.515625,0.359375,0.359375,0.2857142857142857,0.3968253968253968,0.3836416959256821,0.07534614473149166,120,0.5238095238095237,0.41441441441441446,0.4220183486238532,0.33644859813084116,0.43103448275862066,0.4258019308937039,0.05957674687067357,119
4,0.15114145278930663,0.0010575696653049708,0.02215232849121094,0.0003302597909985708,gini,5,3,100,"{'criterion': 'gini', 'max_depth': 5, 'min_samples_split': 3, 'n_estimators': 100}",0.543859649122807,0.5217391304347826,0.5217391304347826,0.5,0.45,0.5076670755898629,0.031841840470960316,20,0.484375,0.375,0.375,0.36507936507936506,0.42857142857142855,0.40565910503986546,0.04533751408385518,96,0.5123966942148761,0.43636363636363634,0.43636363636363634,0.4220183486238532,0.4390243902439024,0.4493483148745959,0.03220075274629868,77
5,0.30010294914245605,0.0005541007816019176,0.04053454399108887,0.0009118656903863249,gini,5,3,200,"{'criterion': 'gini', 'max_depth': 5, 'min_samples_split': 3, 'n_estimators': 200}",0.55,0.5098039215686274,0.5434782608695652,0.5,0.48148148148148145,0.5171137895706825,0.026036161714518145,9,0.515625,0.40625,0.390625,0.30158730158730157,0.4126984126984127,0.40565339038841336,0.06808050300343137,100,0.5322580645161291,0.45217391304347826,0.45454545454545453,0.3762376237623762,0.4444444444444444,0.4521874506980691,0.04945888054260685,68
6,0.07665414810180664,0.0005483945215381595,0.012579822540283203,0.00011516309405397154,gini,5,5,50,"{'criterion': 'gini', 'max_depth': 5, 'min_samples_split': 5, 'n_estimators': 50}",0.5344827586206896,0.5416666666666666,0.5208333333333334,0.4634146341463415,0.47368421052631576,0.5070514475300816,0.032073403307848664,23,0.484375,0.40625,0.390625,0.30158730158730157,0.42857142857142855,0.4025103320898252,0.059436868251273936,105,0.5081967213114754,0.46428571428571425,0.44642857142857145,0.36538461538461536,0.45,0.44709978080643636,0.04621159157774098,87
7,0.15262227058410643,0.0018327322765288212,0.02226572036743164,0.00016385753914744297,gini,5,5,100,"{'criterion': 'gini', 'max_depth': 5, 'min_samples_split': 5, 'n_estimators': 100}",0.5689655172413793,0.5306122448979592,0.5263157894736842,0.4888888888888889,0.4909090909090909,0.5213302529266443,0.02951072216082812,7,0.515625,0.40625,0.3125,0.3492063492063492,0.42857142857142855,0.40251376088069635,0.07003899689304062,102,0.5409836065573771,0.46017699115044247,0.39215686274509803,0.4074074074074074,0.4576271186440678,0.4517880816896659,0.052227451899582104,69
8,0.3018017292022705,0.003435461821982037,0.040892410278320315,0.0005609951858137059,gini,5,5,200,"{'criterion': 'gini', 'max_depth': 5, 'min_samples_split': 5, 'n_estimators': 200}",0.5333333333333333,0.5319148936170213,0.5416666666666666,0.4883720930232558,0.47368421052631576,0.5139955671608671,0.027313938575285218,12,0.5,0.390625,0.40625,0.3333333333333333,0.42857142857142855,0.4119452216370419,0.0541996681063041,89,0.5161290322580646,0.45045045045045046,0.46428571428571425,0.39622641509433965,0.45,0.45561681774717955,0.03824307239516516,54
9,0.07711663246154785,0.0011119232623123083,0.01274876594543457,0.00025157719691511454,gini,5,7,50,"{'criterion': 'gini', 'max_depth': 5, 'min_samples_split': 7, 'n_estimators': 50}",0.5178571428571429,0.5416666666666666,0.5217391304347826,0.46511627906976744,0.4666666666666667,0.5028347851529578,0.031014376888955864,29,0.453125,0.40625,0.375,0.31746031746031744,0.4444444444444444,0.3993684167215273,0.049422396661682966,107,0.48333333333333334,0.46428571428571425,0.43636363636363634,0.3773584905660377,0.45528455284552843,0.44349106636224833,0.03620596550535718,98
10,0.15026640892028809,0.0006038609743611427,0.0221343994140625,0.000166739093109366,gini,5,7,100,"{'criterion': 'gini', 'max_depth': 5, 'min_samples_split': 7, 'n_estimators': 100}",0.5892857142857143,0.5192307692307693,0.5306122448979592,0.5,0.47368421052631576,0.5227820684795494,0.0385406504980353,6,0.515625,0.421875,0.40625,0.36507936507936506,0.42857142857142855,0.42766851364201597,0.049317999401287026,67,0.5499999999999999,0.46551724137931033,0.46017699115044247,0.4220183486238532,0.45,0.46974855827016077,0.04297358357233696,6
11,0.2986462116241455,0.0010129218425863934,0.04104595184326172,0.0008697482499071513,gini,5,7,200,"{'criterion': 'gini', 'max_depth': 5, 'min_samples_split': 7, 'n_estimators': 200}",0.5409836065573771,0.5625,0.5333333333333333,0.5121951219512195,0.4909090909090909,0.5281466399149971,0.024520329349986533,3,0.515625,0.421875,0.375,0.3333333333333333,0.42857142857142855,0.41508942286592054,0.06104983724095323,84,0.528,0.48214285714285715,0.44036697247706424,0.40384615384615385,0.4576271186440678,0.46259115181482074,0.041544566695598216,27
12,0.0803459644317627,0.00047793059389317466,0.013211345672607422,0.00011543927234080933,gini,7,2,50,"{'criterion': 'gini', 'max_depth': 7, 'min_samples_split': 2, 'n_estimators': 50}",0.5517241379310345,0.5185185185185185,0.4888888888888889,0.475,0.45161290322580644,0.49735683096077554,0.03482850337125668,40,0.5,0.4375,0.34375,0.30158730158730157,0.4444444444444444,0.40565567624899423,0.07218421417900894,99,0.5245901639344263,0.47457627118644063,0.40366972477064217,0.36893203883495146,0.44799999999999995,0.44417168963977943,0.05424172849018493,94
13,0.15758070945739747,0.0010743936571898627,0.023246097564697265,0.00012136076181188239,gini,7,2,100,"{'criterion': 'gini', 'max_depth': 7, 'min_samples_split': 2, 'n_estimators': 100}",0.5,0.5087719298245614,0.4888888888888889,0.4666666666666667,0.48333333333333334,0.48962145507137017,0.014416324057150903,48,0.421875,0.453125,0.34375,0.3333333333333333,0.4603174603174603,0.4025149038109868,0.053816519151260685,101,0.4576271186440678,0.4793388429752066,0.40366972477064217,0.3888888888888889,0.4715447154471545,0.4402752839883697,0.03680071835026817,106
14,0.3121323585510254,0.0006134178024392499,0.042760801315307614,0.0002927454113280112,gini,7,2,200,"{'criterion': 'gini', 'max_depth': 7, 'min_samples_split': 2, 'n_estimators': 200}",0.532258064516129,0.4915254237288136,0.5217391304347826,0.5,0.4576271186440678,0.5007639959326095,0.025964299976147513,33,0.515625,0.453125,0.375,0.31746031746031744,0.42857142857142855,0.41823248116450884,0.06755209429379819,81,0.5238095238095237,0.4715447154471545,0.43636363636363634,0.3883495145631068,0.4426229508196722,0.45276572924829445,0.044535074726832796,64
15,0.08058571815490723,0.00045500672647282335,0.013202333450317382,0.00017037843404098406,gini,7,3,50,"{'criterion': 'gini', 'max_depth': 7, 'min_samples_split': 3, 'n_estimators': 50}",0.5344827586206896,0.4603174603174603,0.5217391304347826,0.4523809523809524,0.453125,0.4846035677803333,0.036040748956418504,62,0.484375,0.453125,0.375,0.30158730158730157,0.4603174603174603,0.41508942286592054,0.06736963298396417,84,0.5081967213114754,0.4566929133858268,0.43636363636363634,0.3619047619047619,0.4566929133858268,0.44418322368889224,0.04733768643551505,93
16,0.15914545059204102,0.0016132212820554172,0.023951911926269533,0.00038731432722788984,gini,7,3,100,"{'criterion': 'gini', 'max_depth': 7, 'min_samples_split': 3, 'n_estimators': 100}",0.5303030303030303,0.45614035087719296,0.49019607843137253,0.525,0.5081967213114754,0.5018773368023033,0.02692321159540117,31,0.546875,0.40625,0.390625,0.3333333333333333,0.49206349206349204,0.43395920196035404,0.07598350052602987,58,0.5384615384615384,0.4297520661157025,0.4347826086956521,0.40776699029126207,0.5,0.46220344959496434,0.04902762874644433,30
17,0.31472229957580566,0.0019158508405715867,0.04336791038513184,0.00030252228422093384,gini,7,3,200,"{'criterion': 'gini', 'max_depth': 7, 'min_samples_split': 3, 'n_estimators': 200}",0.532258064516129,0.46153846153846156,0.5116279069767442,0.5238095238095238,0.47540983606557374,0.5009368635191895,0.027668675040901883,32,0.515625,0.375,0.34375,0.3492063492063492,0.4603174603174603,0.40880444919903447,0.0678777116702826,92,0.5238095238095237,0.41379310344827586,0.411214953271028,0.41904761904761906,0.4677419354838709,0.4471443250135769,0.04366728106942312,86
18,0.0804293155670166,0.0012083457689370063,0.013271427154541016,0.0002630598974426582,gini,7,5,50,"{'criterion': 'gini', 'max_depth': 7, 'min_samples_split': 5, 'n_estimators': 50}",0.5573770491803278,0.5084745762711864,0.4418604651162791,0.5652173913043478,0.4482758620689655,0.5042256736552048,0.05207906006839477,27,0.53125,0.46875,0.296875,0.4126984126984127,0.4126984126984127,0.4245265982737181,0.07758850475578423,72,0.544,0.4878048780487804,0.3551401869158879,0.4770642201834862,0.42975206611570244,0.45878510667122413,0.06344759550475684,42
19,0.1581575393676758,0.0024068248945985395,0.023081493377685548,0.00023465584357830314,gini,7,5,100,"{'criterion': 'gini', 'max_depth': 7, 'min_samples_split': 5, 'n_estimators': 100}",0.5357142857142857,0.5,0.5,0.5111111111111111,0.4461538461538462,0.4987185113913225,0.02922376068078534,36,0.46875,0.453125,0.34375,0.36507936507936506,0.4603174603174603,0.4182381958159608,0.05277960160734306,80,0.5,0.47540983606557374,0.4074074074074074,0.4259259259259259,0.453125,0.45245257809432404,0.03329889786065753,66
20,0.31418399810791015,0.0026792300928683357,0.04298057556152344,0.0006027735389474174,gini,7,5,200,"{'criterion': 'gini', 'max_depth': 7, 'min_samples_split': 5, 'n_estimators': 200}",0.5409836065573771,0.49122807017543857,0.4716981132075472,0.5121951219512195,0.48333333333333334,0.4999006961810981,0.024477880052675333,34,0.515625,0.4375,0.390625,0.3333333333333333,0.4603174603174603,0.42766851364201597,0.06186278354633241,67,0.528,0.4628099173553719,0.42735042735042733,0.40384615384615385,0.4715447154471545,0.45883936604500225,0.0423849246797178,41
21,0.08022136688232422,0.0007941115727460176,0.013417577743530274,0.00026083287197310853,gini,7,7,50,"{'criterion': 'gini', 'max_depth': 7, 'min_samples_split': 7, 'n_estimators': 50}",0.5079365079365079,0.49122807017543857,0.43636363636363634,0.5102040816326531,0.45161290322580644,0.47946019530421297,0.03009565324801425,81,0.5,0.4375,0.375,0.3968253968253968,0.4444444444444444,0.4308161436617658,0.04318353721545892,62,0.5039370078740157,0.4628099173553719,0.40336134453781514,0.4464285714285714,0.44799999999999995,0.452942348776942,0.032416110734617636,63
22,0.15753989219665526,0.0009056467282067925,0.023235511779785157,0.00044837993181562195,gini,7,7,100,"{'criterion': 'gini', 'max_depth': 7, 'min_samples_split': 7, 'n_estimators': 100}",0.5161290322580645,0.46,0.5192307692307693,0.46511627906976744,0.46774193548387094,0.4857616646274294,0.026331234900130833,59,0.5,0.359375,0.421875,0.31746031746031744,0.4603174603174603,0.41194636456733236,0.06609769370270455,88,0.5079365079365079,0.4035087719298246,0.46551724137931033,0.3773584905660377,0.46399999999999997,0.44380543097726277,0.04695684768592721,96
23,0.31478066444396974,0.0014421608677166143,0.04304690361022949,0.000727683256698404,gini,7,7,200,"{'criterion': 'gini', 'max_depth': 7, 'min_samples_split': 7, 'n_estimators': 200}",0.5254237288135594,0.509090909090909,0.48936170212765956,0.4634146341463415,0.46774193548387094,0.4911628233894103,0.02372351174087134,46,0.484375,0.4375,0.359375,0.30158730158730157,0.4603174603174603,0.40880102040816324,0.06789915419115121,94,0.5040650406504066,0.47058823529411764,0.41441441441441446,0.36538461538461536,0.46399999999999997,0.44386863720681474,0.04845943399205631,95
24,0.08706951141357422,0.002943968228293828,0.01447916030883789,0.0003897665589427787,gini,10,2,50,"{'criterion': 'gini', 'max_depth': 10, 'min_samples_split': 2, 'n_estimators': 50}",0.47368421052631576,0.48484848484848486,0.45454545454545453,0.43636363636363634,0.5,0.4698988429039362,0.022308880291191165,101,0.421875,0.5,0.390625,0.38095238095238093,0.5238095238095238,0.443397520298442,0.05789921140874067,24,0.4462809917355372,0.49230769230769234,0.4201680672268907,0.4067796610169491,0.5116279069767442,0.4554096938365164,0.04044185661104865,57
25,0.16742343902587892,0.001133782664955249,0.025359392166137695,0.0015201273568878884,gini,10,2,100,"{'criterion': 'gini', 'max_depth': 10, 'min_samples_split': 2, 'n_estimators': 100}",0.5254237288135594,0.46774193548387094,0.49019607843137253,0.425531914893617,0.45454545454545453,0.472888431574675,0.033646081603688933,95,0.484375,0.453125,0.390625,0.31746031746031744,0.47619047619047616,0.4245243124131373,0.06258627038336674,73,0.5040650406504066,0.4603174603174603,0.4347826086956521,0.36363636363636365,0.46511627906976744,0.4457752999616159,0.04649338514312261,89
26,0.33288121223449707,0.0012020511209679782,0.045897912979125974,0.0002334650142641524,gini,10,2,200,"{'criterion': 'gini', 'max_depth': 10, 'min_samples_split': 2, 'n_estimators': 200}",0.5081967213114754,0.44776119402985076,0.46153846153846156,0.4897959183673469,0.4696969696969697,0.47537113353540567,0.02136214959477493,89,0.484375,0.46875,0.375,0.38095238095238093,0.49206349206349204,0.44025103320898246,0.05138800872761957,41,0.496,0.45801526717557256,0.41379310344827586,0.4285714285714286,0.48062015503875966,0.45540493216196376,0.030823603475481968,58
27,0.08458919525146484,0.00017701043116884538,0.014064788818359375,0.00014533438071085225,gini,10,3,50,"{'criterion': 'gini', 'max_depth': 10, 'min_samples_split': 3, 'n_estimators': 50}",0.45098039215686275,0.45454545454545453,0.40350877192982454,0.48,0.47619047619047616,0.45289110056740706,0.02729835868351571,119,0.359375,0.46875,0.359375,0.38095238095238093,0.47619047619047616,0.4088078779899056,0.05253518382882518,91,0.4,0.4615384615384615,0.38016528925619836,0.42477876106194684,0.47619047619047616,0.42839972804863746,0.03614740886350151,118
28,0.16681394577026368,0.0006769471009107262,0.024814271926879884,0.0003570726407938411,gini,10,3,100,"{'criterion': 'gini', 'max_depth': 10, 'min_samples_split': 3, 'n_estimators': 100}",0.46153846153846156,0.4722222222222222,0.4807692307692308,0.48,0.5076923076923077,0.48036209907177646,0.015254664331773034,77,0.375,0.53125,0.390625,0.38095238095238093,0.5238095238095238,0.44025331906956333,0.07140730850948501,36,0.41379310344827586,0.4999999999999999,0.43103448275862066,0.42477876106194684,0.515625,0.45696543620598246,0.04207342603473799,51
29,0.3310711860656738,0.0016750964917092968,0.04597959518432617,0.0006603518874922184,gini,10,3,200,"{'criterion': 'gini', 'max_depth': 10, 'min_samples_split': 3, 'n_estimators': 200}",0.5,0.46774193548387094,0.46296296296296297,0.5106382978723404,0.46875,0.4819714779140817,0.0193994912364967,74,0.46875,0.453125,0.390625,0.38095238095238093,0.47619047619047616,0.4339614878209348,0.04006914734406073,56,0.4838709677419355,0.4603174603174603,0.423728813559322,0.43636363636363634,0.47244094488188976,0.45535015304566034,0.022342256078659035,60
30,0.0846242904663086,0.0004188656859532646,0.013801050186157227,0.0002940195626753965,gini,10,5,50,"{'criterion': 'gini', 'max_depth': 10, 'min_samples_split': 5, 'n_estimators': 50}",0.4918032786885246,0.5,0.44642857142857145,0.45454545454545453,0.47058823529411764,0.47273520484584397,0.02069994087774992,96,0.46875,0.5,0.390625,0.3968253968253968,0.5079365079365079,0.45283012398507794,0.050006535516840166,7,0.48,0.5,0.4166666666666667,0.423728813559322,0.48854961832061067,0.46182373432541424,0.034629514597523864,33
31,0.16675233840942383,0.0008111659084326194,0.024389171600341798,0.00020738889679408482,gini,10,5,100,"{'criterion': 'gini', 'max_depth': 10, 'min_samples_split': 5, 'n_estimators': 100}",0.49122807017543857,0.4927536231884058,0.5,0.4583333333333333,0.45,0.4786122915985616,0.020199754562193563,83,0.4375,0.53125,0.4375,0.3492063492063492,0.42857142857142855,0.43709997439836146,0.057697779624041295,54,0.4628099173553719,0.5112781954887218,0.4666666666666667,0.39639639639639634,0.4390243902439024,0.45546567986560393,0.03752206194794051,55
32,0.3295413970947266,0.0006676823558908843,0.045621395111083984,0.0004650504089787533,gini,10,5,200,"{'criterion': 'gini', 'max_depth': 10, 'min_samples_split': 5, 'n_estimators': 200}",0.5084745762711864,0.49206349206349204,0.48,0.4897959183673469,0.47692307692307695,0.48948884384686264,0.011103786749100234,49,0.46875,0.484375,0.375,0.38095238095238093,0.49206349206349204,0.44025103320898246,0.05138800872761957,41,0.4878048780487804,0.4881889763779527,0.42105263157894735,0.4285714285714286,0.484375,0.46203253295308516,0.030496689635140906,32
33,0.08273701667785645,0.00029756539082359773,0.013654613494873047,0.00018693206223759605,gini,10,7,50,"{'criterion': 'gini', 'max_depth': 10, 'min_samples_split': 7, 'n_estimators': 50}",0.5161290322580645,0.453125,0.48148148148148145,0.45614035087719296,0.4603174603174603,0.4735321197296326,0.02358363647361639,93,0.5,0.453125,0.40625,0.4126984126984127,0.4603174603174603,0.44653943566673976,0.034278814428625015,21,0.5079365079365079,0.453125,0.4406779661016949,0.43333333333333335,0.4603174603174603,0.4591533386788893,0.026215612930940258,39
34,0.16324319839477539,0.0010684908223560574,0.024560213088989258,0.0009978776917542761,gini,10,7,100,"{'criterion': 'gini', 'max_depth': 10, 'min_samples_split': 7, 'n_estimators': 100}",0.5172413793103449,0.5230769230769231,0.48,0.46,0.42857142857142855,0.4820083132080589,0.03538116125689302,72,0.46875,0.53125,0.375,0.36507936507936506,0.42857142857142855,0.43395691609977327,0.06159303121831624,59,0.4918032786885246,0.5271317829457365,0.42105263157894735,0.40707964601769914,0.42857142857142855,0.45535695304597207,0.04631168843333623,59
35,0.3339738368988037,0.006688367777633086,0.04533896446228027,0.0005473615919860943,gini,10,7,200,"{'criterion': 'gini', 'max_depth': 10, 'min_samples_split': 7, 'n_estimators': 200}",0.5263157894736842,0.49206349206349204,0.48,0.5,0.4461538461538462,0.48900388945501727,0.026194359036149095,51,0.46875,0.484375,0.375,0.42857142857142855,0.4603174603174603,0.4433963773681515,0.038844735107832436,25,0.49586776859504134,0.4881889763779527,0.42105263157894735,0.4615384615384615,0.453125,0.463995260932052,0.026793599318583914,23
36,0.08964905738830567,0.0010671719852275783,0.01457667350769043,0.000332698378343663,gini,15,2,50,"{'criterion': 'gini', 'max_depth': 15, 'min_samples_split': 2, 'n_estimators': 50}",0.5178571428571429,0.47692307692307695,0.4716981132075472,0.42857142857142855,0.47761194029850745,0.47466408019296347,0.028300709187033955,90,0.453125,0.484375,0.390625,0.38095238095238093,0.5079365079365079,0.4433963773681515,0.05015391247473143,25,0.48333333333333334,0.48062015503875966,0.42735042735042733,0.4033613445378151,0.4923076923076923,0.4574533313559456,0.03529376095772209,48
37,0.1758413791656494,0.0012536719998184973,0.026114225387573242,0.00031908099211889226,gini,15,2,100,"{'criterion': 'gini', 'max_depth': 15, 'min_samples_split': 2, 'n_estimators': 100}",0.49122807017543857,0.4782608695652174,0.45614035087719296,0.44642857142857145,0.48484848484848486,0.47141655503944463,0.017171109128973565,97,0.4375,0.515625,0.40625,0.3968253968253968,0.5079365079365079,0.45283012398507794,0.05000653551684018,7,0.4628099173553719,0.49624060150375937,0.4297520661157025,0.42016806722689076,0.49612403100775193,0.46103658879258386,0.031967046746220494,34
38,0.3486783504486084,0.001689081326118886,0.04873127937316894,0.0004298239450331527,gini,15,2,200,"{'criterion': 'gini', 'max_depth': 15, 'min_samples_split': 2, 'n_estimators': 200}",0.49122807017543857,0.463768115942029,0.4642857142857143,0.39285714285714285,0.5,0.46252611425712487,0.03750709543280365,114,0.4375,0.5,0.40625,0.3492063492063492,0.5079365079365079,0.4402498902786921,0.059185299986151844,45,0.4628099173553719,0.48120300751879697,0.4333333333333333,0.3697478991596638,0.5039370078740157,0.4502883453648655,0.046232478157724535,75
39,0.0882326602935791,0.0016618593748546292,0.014670181274414062,0.00048481697640414065,gini,15,3,50,"{'criterion': 'gini', 'max_depth': 15, 'min_samples_split': 3, 'n_estimators': 50}",0.5178571428571429,0.4827586206896552,0.4528301886792453,0.4727272727272727,0.4461538461538462,0.4745577328375976,0.025423131311073488,91,0.453125,0.4375,0.375,0.4126984126984127,0.4603174603174603,0.4276742282934679,0.03104335918310769,64,0.48333333333333334,0.4590163934426229,0.4102564102564103,0.44067796610169485,0.453125,0.44929644635692584,0.024009545885257846,78
40,0.1747591018676758,0.00035617161214748886,0.026004219055175783,0.00036619024913683515,gini,15,3,100,"{'criterion': 'gini', 'max_depth': 15, 'min_samples_split': 3, 'n_estimators': 100}",0.4716981132075472,0.42424242424242425,0.4339622641509434,0.45454545454545453,0.46875,0.45057201328123425,0.01879987533323293,120,0.390625,0.4375,0.359375,0.3968253968253968,0.47619047619047616,0.4119532221490747,0.040523885721551786,86,0.42735042735042733,0.43076923076923074,0.3931623931623932,0.423728813559322,0.47244094488188976,0.4293761099183795,0.025277095104599384,117
41,0.34914097785949705,0.0037938852456019458,0.04931902885437012,0.0011291710305582835,gini,15,3,200,"{'criterion': 'gini', 'max_depth': 15, 'min_samples_split': 3, 'n_estimators': 200}",0.5283018867924528,0.48484848484848486,0.4716981132075472,0.46296296296296297,0.4852941176470588,0.4866978723714967,0.022500897493417146,55,0.4375,0.5,0.390625,0.3968253968253968,0.5238095238095238,0.44968706568648964,0.0536996216408313,14,0.47863247863247865,0.49230769230769234,0.42735042735042733,0.42735042735042733,0.5038167938931297,0.4658934560929144,0.03242458738385022,17
42,0.08910021781921387,0.00024451731514983237,0.015180397033691406,0.0001667730990593655,gini,15,5,50,"{'criterion': 'gini', 'max_depth': 15, 'min_samples_split': 5, 'n_estimators': 50}",0.5357142857142857,0.4696969696969697,0.4909090909090909,0.45454545454545453,0.45588235294117646,0.48151021894583834,0.030187934051288903,75,0.46875,0.484375,0.421875,0.3968253968253968,0.49206349206349204,0.4528289810547875,0.03702159441059043,10,0.5,0.47692307692307695,0.45378151260504196,0.423728813559322,0.47328244274809156,0.4656478545189554,0.02551731974594649,18
43,0.17551560401916505,0.002118121967903793,0.02657170295715332,0.0007569629322061228,gini,15,5,100,"{'criterion': 'gini', 'max_depth': 15, 'min_samples_split': 5, 'n_estimators': 100}",0.5172413793103449,0.4852941176470588,0.47368421052631576,0.47058823529411764,0.4626865671641791,0.4819926746505185,0.019124223786521184,73,0.46875,0.515625,0.421875,0.38095238095238093,0.49206349206349204,0.4559720393533757,0.04854078214280643,4,0.4918032786885246,0.5,0.4462809917355372,0.42105263157894735,0.4769230769230769,0.4673239720772861,0.02944597416165209,12
44,0.343157958984375,0.001988315896751404,0.04837784767150879,0.0004341492633177538,gini,15,5,200,"{'criterion': 'gini', 'max_depth': 15, 'min_samples_split': 5, 'n_estimators': 200}",0.45614035087719296,0.463768115942029,0.4716981132075472,0.46296296296296297,0.48484848484848486,0.4678466033044294,0.009793567393710732,105,0.40625,0.5,0.390625,0.3968253968253968,0.5079365079365079,0.44025331906956333,0.05223107819963165,36,0.4297520661157025,0.48120300751879697,0.42735042735042733,0.42735042735042733,0.49612403100775193,0.452298349857497,0.029993148298043018,67
45,0.08711695671081543,0.0008995441046537357,0.014392566680908204,0.0002528825476562538,gini,15,7,50,"{'criterion': 'gini', 'max_depth': 15, 'min_samples_split': 7, 'n_estimators': 50}",0.509090909090909,0.4827586206896552,0.4444444444444444,0.46296296296296297,0.46774193548387094,0.4734492204656186,0.021693316916768898,94,0.4375,0.4375,0.375,0.3968253968253968,0.4603174603174603,0.4213846829054202,0.030941064994908698,77,0.47058823529411764,0.4590163934426229,0.4067796610169491,0.42735042735042733,0.46399999999999997,0.4455461552779393,0.024458270795179083,90
46,0.1717867374420166,0.0006508906053058575,0.025741434097290038,0.0003372846756745161,gini,15,7,100,"{'criterion': 'gini', 'max_depth': 15, 'min_samples_split': 7, 'n_estimators': 100}",0.48214285714285715,0.5166666666666667,0.4915254237288136,0.4909090909090909,0.484375,0.49315748979231167,0.012347103427415114,45,0.421875,0.484375,0.453125,0.42857142857142855,0.49206349206349204,0.45597546814424694,0.028369184797925533,2,0.44999999999999996,0.5000000000000001,0.4715447154471545,0.4576271186440678,0.4881889763779527,0.47347562823566497,0.01859814753044472,3
47,0.3391252994537354,0.002125955347639364,0.046819543838500975,0.0005101441306343943,gini,15,7,200,"{'criterion': 'gini', 'max_depth': 15, 'min_samples_split': 7, 'n_estimators': 200}",0.4915254237288136,0.46875,0.5094339622641509,0.48214285714285715,0.46153846153846156,0.4827447306835153,0.016954303431403212,69,0.453125,0.46875,0.421875,0.42857142857142855,0.47619047619047616,0.4496859227561993,0.0214172899885765,16,0.4715447154471545,0.46875,0.4615384615384615,0.45378151260504196,0.46875,0.4648951018604702,0.006447846876673572,20
48,0.09087014198303223,0.0007979320541979238,0.01542072296142578,0.00038763392740210413,gini,,2,50,"{'criterion': 'gini', 'max_depth': None, 'min_samples_split': 2, 'n_estimators': 50}",0.47368421052631576,0.4696969696969697,0.46551724137931033,0.41818181818181815,0.5079365079365079,0.4670275841769648,0.02855199507226638,107,0.421875,0.484375,0.421875,0.36507936507936506,0.5079365079365079,0.44025103320898246,0.050549366065275166,41,0.4462809917355372,0.47692307692307695,0.4426229508196722,0.38983050847457623,0.5079365079365079,0.4527423727629575,0.03917416623798153,65
49,0.18116860389709472,0.0019317701694191772,0.027595663070678712,0.0005155113973659996,gini,,2,100,"{'criterion': 'gini', 'max_depth': None, 'min_samples_split': 2, 'n_estimators': 100}",0.509090909090909,0.45714285714285713,0.46153846153846156,0.42857142857142855,0.5161290322580645,0.47450771318765966,0.033115054017271786,92,0.4375,0.5,0.375,0.38095238095238093,0.5079365079365079,0.44025217613927287,0.056402780106170856,39,0.47058823529411764,0.4776119402985075,0.41379310344827586,0.4033613445378151,0.512,0.45545734715781283,0.040810177287414005,56
50,0.35346574783325196,0.0030046698774191223,0.050244617462158206,0.00020891178996225278,gini,,2,200,"{'criterion': 'gini', 'max_depth': None, 'min_samples_split': 2, 'n_estimators': 200}",0.48214285714285715,0.47058823529411764,0.46296296296296297,0.43103448275862066,0.4918032786885246,0.4677449961352897,0.02072882770311976,106,0.421875,0.5,0.390625,0.3968253968253968,0.47619047619047616,0.4371068319801039,0.043607836885544066,50,0.44999999999999996,0.48484848484848486,0.423728813559322,0.4132231404958677,0.48387096774193544,0.4511501782705059,0.029618982261818624,70
51,0.08975095748901367,0.001723749485171024,0.01506490707397461,0.00023384000893137384,gini,,3,50,"{'criterion': 'gini', 'max_depth': None, 'min_samples_split': 3, 'n_estimators': 50}",0.46938775510204084,0.4857142857142857,0.41509433962264153,0.48148148148148145,0.4393939393939394,0.4582006991250908,0.026998434233202064,117,0.359375,0.53125,0.34375,0.4126984126984127,0.4603174603174603,0.4213858258357106,0.06878096296288372,75,0.4070796460176991,0.5074626865671641,0.37606837606837606,0.4444444444444444,0.4496124031007752,0.4368714841273544,0.04437146180300398,113
52,0.1765831470489502,0.0010725238048386867,0.02711830139160156,0.0005902628219420827,gini,,3,100,"{'criterion': 'gini', 'max_depth': None, 'min_samples_split': 3, 'n_estimators': 100}",0.49122807017543857,0.4857142857142857,0.4423076923076923,0.41509433962264153,0.48484848484848486,0.46392377983200755,0.02998039964143262,111,0.4375,0.53125,0.359375,0.3492063492063492,0.5079365079365079,0.43710568904981345,0.0743273843352541,52,0.4628099173553719,0.5074626865671641,0.39655172413793105,0.3793103448275862,0.49612403100775193,0.4485176980932101,0.05178692199185856,81
53,0.35061163902282716,0.002340952806038492,0.049619102478027345,0.00048298384995475077,gini,,3,200,"{'criterion': 'gini', 'max_depth': None, 'min_samples_split': 3, 'n_estimators': 200}",0.45454545454545453,0.47761194029850745,0.4827586206896552,0.43333333333333335,0.47692307692307695,0.46509535323806567,0.01855614979985935,110,0.390625,0.5,0.4375,0.4126984126984127,0.49206349206349204,0.44654172152732063,0.04310786259648318,20,0.4201680672268907,0.48854961832061067,0.4590163934426229,0.4227642276422764,0.484375,0.45498329449087554,0.029168289926708165,61
54,0.08776540756225586,0.0008790569819815006,0.014513111114501953,0.00020793958183471447,gini,,5,50,"{'criterion': 'gini', 'max_depth': None, 'min_samples_split': 5, 'n_estimators': 50}",0.5517241379310345,0.4927536231884058,0.4528301886792453,0.4727272727272727,0.47058823529411764,0.48822587090382047,0.0343050866287145,53,0.5,0.53125,0.375,0.4126984126984127,0.5079365079365079,0.4654080718308829,0.060554589364028716,1,0.5245901639344263,0.5112781954887218,0.4102564102564103,0.44067796610169485,0.48854961832061067,0.4751347207657443,0.043278010429929716,1
55,0.17632880210876464,0.005069482653572802,0.02675156593322754,0.0007648619242431238,gini,,5,100,"{'criterion': 'gini', 'max_depth': None, 'min_samples_split': 5, 'n_estimators': 100}",0.49019607843137253,0.49206349206349204,0.4528301886792453,0.4716981132075472,0.4927536231884058,0.47989405905819715,0.015640594655155087,79,0.390625,0.484375,0.375,0.3968253968253968,0.5396825396825397,0.4371114037012655,0.06377341637467292,48,0.4347826086956521,0.4881889763779527,0.4102564102564103,0.43103448275862066,0.515151515151515,0.4557770524095845,0.0392038548835424,53
56,0.3442293643951416,0.0026803815702856745,0.04798445701599121,0.00046737399300512505,gini,,5,200,"{'criterion': 'gini', 'max_depth': None, 'min_samples_split': 5, 'n_estimators': 200}",0.5272727272727272,0.4696969696969697,0.4807692307692308,0.43636363636363634,0.48484848484848486,0.4799080847467944,0.029208468771456966,78,0.453125,0.484375,0.390625,0.38095238095238093,0.5079365079365079,0.4433963773681515,0.05015391247473143,25,0.48739495798319327,0.47692307692307695,0.43103448275862066,0.4067796610169491,0.49612403100775193,0.4597016222508251,0.034601081639905815,37
57,0.08648190498352051,0.0007976149175161156,0.01454010009765625,0.0007661970983179247,gini,,7,50,"{'criterion': 'gini', 'max_depth': None, 'min_samples_split': 7, 'n_estimators': 50}",0.5161290322580645,0.4461538461538462,0.5,0.41509433962264153,0.47619047619047616,0.4708675857324923,0.03644084888086555,99,0.5,0.453125,0.453125,0.3492063492063492,0.47619047619047616,0.44653600687586864,0.05142054140194698,22,0.5079365079365079,0.4496124031007752,0.47540983606557374,0.3793103448275862,0.47619047619047616,0.457875885993555,0.04323767911001209,44
58,0.17198829650878905,0.0014293667456929662,0.025597810745239258,0.0004886854164248583,gini,,7,100,"{'criterion': 'gini', 'max_depth': None, 'min_samples_split': 7, 'n_estimators': 100}",0.5,0.4603174603174603,0.4909090909090909,0.4807692307692308,0.4925373134328358,0.48489588696274155,0.013772822647130999,60,0.453125,0.453125,0.421875,0.3968253968253968,0.5238095238095238,0.44968706568648964,0.04245974790247113,14,0.47540983606557374,0.4566929133858268,0.45378151260504196,0.43478260869565216,0.5076923076923077,0.46563763831557725,0.02455022156552425,19
59,0.33814163208007814,0.001916028926266131,0.0472109317779541,0.0005796499846601563,gini,,7,200,"{'criterion': 'gini', 'max_depth': None, 'min_samples_split': 7, 'n_estimators': 200}",0.47368421052631576,0.49206349206349204,0.509090909090909,0.5,0.47058823529411764,0.4891086643365823,0.014881375063331214,50,0.421875,0.484375,0.4375,0.4126984126984127,0.5079365079365079,0.4528312669153683,0.03689496791518211,6,0.4462809917355372,0.4881889763779527,0.47058823529411764,0.45217391304347826,0.48854961832061067,0.46914894038765603,0.01761478969920822,7
60,0.08191308975219727,0.0011742261420949333,0.013012218475341796,0.00026273850303957917,entropy,5,2,50,"{'criterion': 'entropy', 'max_depth': 5, 'min_samples_split': 2, 'n_estimators': 50}",0.5384615384615384,0.5111111111111111,0.5686274509803921,0.47058823529411764,0.48214285714285715,0.5144186238046362,0.036013314704287945,11,0.4375,0.359375,0.453125,0.25396825396825395,0.42857142857142855,0.38678589715456074,0.07345678096614185,118,0.4827586206896552,0.4220183486238532,0.5043478260869565,0.32989690721649484,0.45378151260504196,0.43884771790236426,0.06086615872300408,110
61,0.1615753173828125,0.0026388604843284743,0.02249155044555664,0.00017050690002503807,entropy,5,2,100,"{'criterion': 'entropy', 'max_depth': 5, 'min_samples_split': 2, 'n_estimators': 100}",0.5471698113207547,0.5416666666666666,0.5121951219512195,0.5,0.5,0.5203304755636896,0.020339293976341575,8,0.453125,0.40625,0.328125,0.31746031746031744,0.4126984126984127,0.3836451247165533,0.05224754369272402,119,0.49572649572649563,0.46428571428571425,0.39999999999999997,0.3883495145631068,0.45217391304347826,0.44022906554969116,0.040292766141477934,107
62,0.31641697883605957,0.0013717239515451847,0.04057931900024414,0.00012610544426234057,entropy,5,2,200,"{'criterion': 'entropy', 'max_depth': 5, 'min_samples_split': 2, 'n_estimators': 200}",0.532258064516129,0.54,0.5,0.4888888888888889,0.48148148148148145,0.5086691001987568,0.023422787132341645,18,0.515625,0.421875,0.328125,0.3492063492063492,0.4126984126984127,0.4056568191792846,0.06585815219730433,97,0.5238095238095237,0.4736842105263158,0.39622641509433965,0.4074074074074074,0.4444444444444444,0.4492568793613554,0.04643339529612977,79
63,0.08090353012084961,0.0004354425130060656,0.012740325927734376,0.0001930901070088557,entropy,5,3,50,"{'criterion': 'entropy', 'max_depth': 5, 'min_samples_split': 3, 'n_estimators': 50}",0.5789473684210527,0.4897959183673469,0.5384615384615384,0.475,0.4745762711864407,0.5115809079735679,0.041117360268201876,15,0.515625,0.375,0.328125,0.30158730158730157,0.4444444444444444,0.39307887133347963,0.07821927217405597,114,0.5454545454545454,0.42477876106194684,0.4077669902912621,0.36893203883495146,0.4590163934426229,0.44135696873367575,0.059700318336385706,105
64,0.16045141220092773,0.0018930692995271208,0.021889400482177735,0.0003502797340122746,entropy,5,3,100,"{'criterion': 'entropy', 'max_depth': 5, 'min_samples_split': 3, 'n_estimators': 100}",0.5344827586206896,0.5306122448979592,0.5111111111111111,0.5,0.4528301886792453,0.5059878576898943,0.029287067568147817,24,0.484375,0.40625,0.359375,0.3492063492063492,0.38095238095238093,0.3962219296320678,0.048388081683051656,110,0.5081967213114754,0.46017699115044247,0.4220183486238532,0.411214953271028,0.4137931034482758,0.44326789449927223,0.037046797602327104,99
65,0.31781816482543945,0.0018070902757684794,0.04085521697998047,0.0006931718543386839,entropy,5,3,200,"{'criterion': 'entropy', 'max_depth': 5, 'min_samples_split': 3, 'n_estimators': 200}",0.5689655172413793,0.52,0.5681818181818182,0.5227272727272727,0.48214285714285715,0.5325876308658766,0.03281215367212427,2,0.515625,0.40625,0.390625,0.36507936507936506,0.42857142857142855,0.42138011118425867,0.05159551847913288,79,0.5409836065573771,0.45614035087719296,0.46296296296296297,0.42990654205607476,0.45378151260504196,0.4689203465796634,0.037842259131096366,8
66,0.08104734420776367,0.0007282271442628968,0.012911653518676758,0.00018788688633736023,entropy,5,5,50,"{'criterion': 'entropy', 'max_depth': 5, 'min_samples_split': 5, 'n_estimators': 50}",0.515625,0.5471698113207547,0.5,0.5,0.45454545454545453,0.5036290075566552,0.029884871502249506,28,0.515625,0.453125,0.375,0.31746031746031744,0.3968253968253968,0.4119417928461708,0.06777417563987655,90,0.515625,0.49572649572649563,0.42857142857142855,0.3883495145631068,0.423728813559322,0.450672822443658,0.047636477669502394,73
67,0.15974369049072265,0.0012539957709644227,0.02247157096862793,0.00034563966951620833,entropy,5,5,100,"{'criterion': 'entropy', 'max_depth': 5, 'min_samples_split': 5, 'n_estimators': 100}",0.5272727272727272,0.5,0.5365853658536586,0.4888888888888889,0.5,0.5106483515610187,0.018168472939724335,16,0.453125,0.390625,0.34375,0.3492063492063492,0.42857142857142855,0.3930811571940604,0.042981875713141215,113,0.48739495798319327,0.43859649122807015,0.419047619047619,0.4074074074074074,0.4615384615384615,0.442848133695746,0.028897482883817827,101
68,0.31777009963989256,0.0024390458108635325,0.04121837615966797,0.00047448061378509973,entropy,5,5,200,"{'criterion': 'entropy', 'max_depth': 5, 'min_samples_split': 5, 'n_estimators': 200}",0.5344827586206896,0.5531914893617021,0.5,0.48717948717948717,0.49019607843137253,0.5131594077565196,0.026211895725816396,13,0.484375,0.40625,0.34375,0.30158730158730157,0.3968253968253968,0.3867870400848511,0.06183616958617321,117,0.5081967213114754,0.46846846846846846,0.4074074074074074,0.37254901960784315,0.43859649122807015,0.4392492797686265,0.0470541031077594,108
69,0.08112831115722656,0.0010258401202339997,0.012746715545654297,0.00013702831508194968,entropy,5,7,50,"{'criterion': 'entropy', 'max_depth': 5, 'min_samples_split': 7, 'n_estimators': 50}",0.5714285714285714,0.5370370370370371,0.5434782608695652,0.5217391304347826,0.49056603773584906,0.5330138457402752,0.026541959682608963,1,0.5,0.453125,0.390625,0.38095238095238093,0.4126984126984127,0.4276685136420159,0.04400222609769765,69,0.5333333333333333,0.4915254237288136,0.45454545454545453,0.4403669724770642,0.44827586206896547,0.47378936617055856,0.034664314272004115,2
70,0.15891685485839843,0.0012501819754068926,0.021815109252929687,0.00011071296283728906,entropy,5,7,100,"{'criterion': 'entropy', 'max_depth': 5, 'min_samples_split': 7, 'n_estimators': 100}",0.5689655172413793,0.5,0.48,0.475,0.45098039215686275,0.4951857962317296,0.040179737677256334,43,0.515625,0.40625,0.375,0.30158730158730157,0.36507936507936506,0.39307315668202764,0.07026169711575622,115,0.5409836065573771,0.4482758620689655,0.42105263157894735,0.36893203883495146,0.4035087719298246,0.43685983059224126,0.05824878632706383,114
71,0.3233209133148193,0.0024573825658704635,0.041346073150634766,0.00029977303842055095,entropy,5,7,200,"{'criterion': 'entropy', 'max_depth': 5, 'min_samples_split': 7, 'n_estimators': 200}",0.5737704918032787,0.5490196078431373,0.5333333333333333,0.475,0.4909090909090909,0.5246612019164668,0.03652778831850297,5,0.546875,0.4375,0.375,0.30158730158730157,0.42857142857142855,0.41823133823421843,0.08061170536834189,82,0.5599999999999999,0.48695652173913045,0.44036697247706424,0.36893203883495146,0.4576271186440678,0.4630806590739094,0.06221808467701805,25
72,0.08835334777832031,0.000875955770095712,0.013334369659423828,0.00023601717837970523,entropy,7,2,50,"{'criterion': 'entropy', 'max_depth': 7, 'min_samples_split': 2, 'n_estimators': 50}",0.559322033898305,0.47540983606557374,0.47368421052631576,0.5111111111111111,0.4915254237288136,0.502216005435585,0.031669594092167325,30,0.515625,0.453125,0.28125,0.36507936507936506,0.4603174603174603,0.4150939945870821,0.08264724208825647,83,0.5365853658536586,0.46399999999999997,0.35294117647058826,0.4259259259259259,0.4754098360655738,0.450974332321628,0.06070877094995419,71
73,0.17434520721435548,0.0020663011395514103,0.02328200340270996,0.0005262791769874065,entropy,7,2,100,"{'criterion': 'entropy', 'max_depth': 7, 'min_samples_split': 2, 'n_estimators': 100}",0.543859649122807,0.5,0.5,0.4878048780487805,0.4576271186440678,0.49801281353066845,0.027720055532330774,39,0.484375,0.390625,0.390625,0.31746031746031744,0.42857142857142855,0.4025114750201156,0.05452892518900203,103,0.5123966942148761,0.43859649122807015,0.43859649122807015,0.3846153846153846,0.4426229508196722,0.4435483762135568,0.040646021802142794,97
74,0.34299416542053224,0.005471196205688498,0.0425809383392334,0.00020821233064441014,entropy,7,2,200,"{'criterion': 'entropy', 'max_depth': 7, 'min_samples_split': 2, 'n_estimators': 200}",0.55,0.5185185185185185,0.5,0.5,0.45901639344262296,0.5056667291551832,0.029543255918410078,25,0.515625,0.4375,0.34375,0.30158730158730157,0.4444444444444444,0.4087998774778729,0.07644002875997534,95,0.5322580645161291,0.47457627118644063,0.4074074074074074,0.3762376237623762,0.4516129032258064,0.44863039374636343,0.05408305568903324,80
75,0.08611035346984863,0.0006665372833330603,0.012874698638916016,0.00011297263548397356,entropy,7,3,50,"{'criterion': 'entropy', 'max_depth': 7, 'min_samples_split': 3, 'n_estimators': 50}",0.5370370370370371,0.45454545454545453,0.5102040816326531,0.46153846153846156,0.41935483870967744,0.4767577216946143,0.04188575769382366,88,0.453125,0.390625,0.390625,0.2857142857142857,0.4126984126984127,0.38678704008485115,0.055216237754462584,116,0.4915254237288136,0.4201680672268907,0.4424778761061947,0.35294117647058826,0.416,0.4248692178952606,0.04474025940169412,120
76,0.171034574508667,0.0012017652363185223,0.023200321197509765,0.0006962519996140206,entropy,7,3,100,"{'criterion': 'entropy', 'max_depth': 7, 'min_samples_split': 3, 'n_estimators': 100}",0.4909090909090909,0.5,0.5121951219512195,0.5348837209302325,0.4444444444444444,0.4965283951121873,0.029786436752301457,41,0.421875,0.40625,0.328125,0.36507936507936506,0.4444444444444444,0.3930834430546412,0.04158037225279727,112,0.45378151260504196,0.4482758620689655,0.39999999999999997,0.4339622641509434,0.4444444444444444,0.43607370428740405,0.0192273199189677,115
77,0.33939666748046876,0.0023343490801708963,0.04229106903076172,0.0002198583672004385,entropy,7,3,200,"{'criterion': 'entropy', 'max_depth': 7, 'min_samples_split': 3, 'n_estimators': 200}",0.5409836065573771,0.5185185185185185,0.5,0.5238095238095238,0.47540983606557374,0.511818856849201,0.022348887919545306,14,0.515625,0.4375,0.34375,0.3492063492063492,0.4603174603174603,0.4213812541145491,0.06621898595739299,78,0.528,0.47457627118644063,0.4074074074074074,0.41904761904761906,0.4677419354838709,0.45945271033848895,0.04328669266961061,38
78,0.08709774017333985,0.001885659566541344,0.013229846954345703,0.00027316081808150526,entropy,7,5,50,"{'criterion': 'entropy', 'max_depth': 7, 'min_samples_split': 5, 'n_estimators': 50}",0.5272727272727272,0.49122807017543857,0.5,0.43902439024390244,0.4918032786885246,0.4900159351121241,0.028557689452234587,47,0.453125,0.4375,0.375,0.2857142857142857,0.47619047619047616,0.4056568191792846,0.06843342826503475,97,0.48739495798319327,0.4628099173553719,0.42857142857142855,0.34615384615384615,0.48387096774193544,0.44192457266476964,0.052017920605915605,104
79,0.17205610275268554,0.0011650150947786386,0.02332911491394043,0.00021803034789598662,entropy,7,5,100,"{'criterion': 'entropy', 'max_depth': 7, 'min_samples_split': 5, 'n_estimators': 100}",0.5471698113207547,0.5283018867924528,0.5106382978723404,0.475,0.4745762711864407,0.5073360191354188,0.028806290851657295,21,0.453125,0.4375,0.375,0.30158730158730157,0.4444444444444444,0.4025114750201156,0.05727948851455378,103,0.49572649572649563,0.47863247863247865,0.43243243243243246,0.36893203883495146,0.4590163934426229,0.44715057151072407,0.04425047857118692,85
80,0.3381948947906494,0.0026132411246583584,0.04212932586669922,0.0003045763670628761,entropy,7,5,200,"{'criterion': 'entropy', 'max_depth': 7, 'min_samples_split': 5, 'n_estimators': 200}",0.5423728813559322,0.5094339622641509,0.48936170212765956,0.5106382978723404,0.48333333333333334,0.507089738738074,0.020716825507418015,22,0.5,0.421875,0.359375,0.38095238095238093,0.4603174603174603,0.4245277412040085,0.05130207157462447,71,0.5203252032520326,0.4615384615384615,0.41441441441441446,0.43636363636363634,0.4715447154471545,0.46087957873953156,0.03587867917316963,36
81,0.08586101531982422,0.0004244297893409022,0.01288294792175293,9.163130428622559e-05,entropy,7,7,50,"{'criterion': 'entropy', 'max_depth': 7, 'min_samples_split': 7, 'n_estimators': 50}",0.5294117647058824,0.543859649122807,0.5319148936170213,0.4878048780487805,0.48148148148148145,0.5150804096079753,0.025221839555166284,10,0.5625,0.484375,0.390625,0.31746031746031744,0.4126984126984127,0.4339523443786117,0.08362508948243431,60,0.5454545454545455,0.5123966942148761,0.45045045045045046,0.3846153846153846,0.4444444444444444,0.4677976026949634,0.05615617730578472,10
82,0.16910910606384277,0.0008426602121793773,0.022746706008911134,0.0002572664667776401,entropy,7,7,100,"{'criterion': 'entropy', 'max_depth': 7, 'min_samples_split': 7, 'n_estimators': 100}",0.49056603773584906,0.509090909090909,0.575,0.5,0.4666666666666667,0.5084179109589942,0.03627347643975944,19,0.40625,0.4375,0.359375,0.3333333333333333,0.4444444444444444,0.39622535842293904,0.043368351599732353,108,0.4444444444444444,0.47058823529411764,0.4423076923076923,0.4,0.45528455284552843,0.44261643019221586,0.023448287877237933,102
83,0.3392024040222168,0.0017801069093106787,0.04259495735168457,0.0006713702493782532,entropy,7,7,200,"{'criterion': 'entropy', 'max_depth': 7, 'min_samples_split': 7, 'n_estimators': 200}",0.5254237288135594,0.5,0.4878048780487805,0.4878048780487805,0.4426229508196721,0.4888757871320997,0.026796886581148247,52,0.484375,0.4375,0.3125,0.31746031746031744,0.42857142857142855,0.3962230725623583,0.06894715699069805,109,0.5040650406504066,0.4666666666666667,0.38095238095238093,0.3846153846153846,0.43548387096774194,0.43450602078882,0.04745849879817054,116
84,0.09475698471069335,0.0008748221627126488,0.01384420394897461,0.0002382844738505226,entropy,10,2,50,"{'criterion': 'entropy', 'max_depth': 10, 'min_samples_split': 2, 'n_estimators': 50}",0.5,0.4827586206896552,0.4716981132075472,0.4897959183673469,0.48484848484848486,0.4858109987025742,0.00926269415085651,58,0.421875,0.4375,0.390625,0.38095238095238093,0.5079365079365079,0.42767537122375826,0.04484981130605406,63,0.4576271186440678,0.4590163934426229,0.42735042735042733,0.4285714285714286,0.49612403100775193,0.45368497749919623,0.025105200111268024,62
85,0.1859196662902832,0.0012420836276430607,0.024495983123779298,0.0004552192955470691,entropy,10,2,100,"{'criterion': 'entropy', 'max_depth': 10, 'min_samples_split': 2, 'n_estimators': 100}",0.5636363636363636,0.5142857142857142,0.42857142857142855,0.5,0.48484848484848486,0.49830430706006734,0.0438777166295914,37,0.484375,0.5625,0.328125,0.38095238095238093,0.5079365079365079,0.45282898105478747,0.0858801688117764,11,0.5210084033613446,0.5373134328358209,0.3716814159292035,0.4324324324324324,0.49612403100775193,0.47175761875935196,0.061582084393651454,4
86,0.3737640380859375,0.003527334120087712,0.045734310150146486,0.00032165483742979347,entropy,10,2,200,"{'criterion': 'entropy', 'max_depth': 10, 'min_samples_split': 2, 'n_estimators': 200}",0.509090909090909,0.4603174603174603,0.4489795918367347,0.46,0.47761194029850745,0.47121469004856537,0.021097379625203156,98,0.4375,0.453125,0.34375,0.36507936507936506,0.5079365079365079,0.4213858258357106,0.059837043155164485,75,0.47058823529411764,0.4566929133858268,0.38938053097345127,0.40707964601769914,0.4923076923076923,0.44316996417599125,0.03881809959692284,100
87,0.09417996406555176,0.0008889141544021276,0.013962793350219726,0.00014693637801452253,entropy,10,3,50,"{'criterion': 'entropy', 'max_depth': 10, 'min_samples_split': 3, 'n_estimators': 50}",0.5166666666666667,0.5238095238095238,0.48,0.4791666666666667,0.46774193548387094,0.4935999856064521,0.022398828781113635,44,0.484375,0.515625,0.375,0.36507936507936506,0.4603174603174603,0.44024760441811134,0.05992751800322416,46,0.5000000000000001,0.5196850393700788,0.42105263157894735,0.41441441441441446,0.46399999999999997,0.46398171175696146,0.04175096785153613,24
88,0.18614597320556642,0.0038369997545247793,0.024602413177490234,0.0002864398951282063,entropy,10,3,100,"{'criterion': 'entropy', 'max_depth': 10, 'min_samples_split': 3, 'n_estimators': 100}",0.5263157894736842,0.49295774647887325,0.45098039215686275,0.4883720930232558,0.4626865671641791,0.4843161777980232,0.026259745438621997,64,0.46875,0.546875,0.359375,0.3333333333333333,0.49206349206349204,0.44024760441811134,0.08102179077339615,46,0.49586776859504134,0.5185185185185185,0.4,0.39622641509433965,0.4769230769230769,0.45763577278359924,0.05029387260405559,45
89,0.3671565532684326,0.001812927484622681,0.04561514854431152,0.0004340725259734483,entropy,10,3,200,"{'criterion': 'entropy', 'max_depth': 10, 'min_samples_split': 3, 'n_estimators': 200}",0.5423728813559322,0.4827586206896552,0.45652173913043476,0.4772727272727273,0.453125,0.48251594686980137,0.03214928022889149,71,0.5,0.4375,0.328125,0.3333333333333333,0.4603174603174603,0.41194750749762277,0.06923658504910282,87,0.5203252032520326,0.4590163934426229,0.3818181818181817,0.39252336448598135,0.4566929133858268,0.44218253583816425,0.05049173333978954,103
90,0.09426703453063964,0.0019006080348401998,0.014265727996826173,0.0009977311961264438,entropy,10,5,50,"{'criterion': 'entropy', 'max_depth': 10, 'min_samples_split': 5, 'n_estimators': 50}",0.47540983606557374,0.5454545454545454,0.42857142857142855,0.5,0.4838709677419355,0.4866289492483908,0.037906239740280685,56,0.453125,0.5625,0.328125,0.3968253968253968,0.47619047619047616,0.4433952344378612,0.07867859251129804,28,0.46399999999999997,0.5538461538461538,0.3716814159292035,0.4424778761061947,0.48,0.46240822988981706,0.05898630929535864,29
91,0.18675856590270995,0.0055467601917922995,0.02459869384765625,0.0006507549509812045,entropy,10,5,100,"{'criterion': 'entropy', 'max_depth': 10, 'min_samples_split': 5, 'n_estimators': 100}",0.5094339622641509,0.4852941176470588,0.4528301886792453,0.5,0.46774193548387094,0.4830550581609354,0.020693658092007832,65,0.421875,0.515625,0.375,0.4126984126984127,0.4603174603174603,0.4371068319801038,0.047836021604426675,51,0.4615384615384615,0.5,0.4102564102564103,0.45217391304347826,0.46399999999999997,0.45759072655566346,0.028807477084103923,46
92,0.36831116676330566,0.00673882980130097,0.04466433525085449,0.0005141298042359818,entropy,10,5,200,"{'criterion': 'entropy', 'max_depth': 10, 'min_samples_split': 5, 'n_estimators': 200}",0.5084745762711864,0.49206349206349204,0.5,0.5217391304347826,0.45454545454545453,0.49540890693439854,0.022563472762425194,42,0.46875,0.484375,0.40625,0.38095238095238093,0.47619047619047616,0.44339409150757075,0.041601703753879005,31,0.4878048780487804,0.4881889763779527,0.4482758620689655,0.4403669724770642,0.46511627906976744,0.4660317547011948,0.019705787391091294,16
93,0.09546909332275391,0.004843961903490101,0.013683509826660157,0.0001360552203049705,entropy,10,7,50,"{'criterion': 'entropy', 'max_depth': 10, 'min_samples_split': 7, 'n_estimators': 50}",0.5166666666666667,0.5081967213114754,0.49019607843137253,0.5306122448979592,0.4444444444444444,0.49808771585993306,0.029705060137909797,38,0.484375,0.484375,0.390625,0.4126984126984127,0.4444444444444444,0.44339409150757075,0.037724867567751535,31,0.5000000000000001,0.496,0.4347826086956521,0.4642857142857143,0.4444444444444444,0.46798573304964813,0.0264299142354231,9
94,0.18369121551513673,0.002247665605549049,0.024462366104125978,0.0002672811831217378,entropy,10,7,100,"{'criterion': 'entropy', 'max_depth': 10, 'min_samples_split': 7, 'n_estimators': 100}",0.5245901639344263,0.5172413793103449,0.5,0.5208333333333334,0.4603174603174603,0.5046826183502571,0.023613837929684838,26,0.5,0.46875,0.390625,0.3968253968253968,0.4603174603174603,0.44339409150757075,0.04267292476494173,31,0.512,0.4918032786885246,0.43859649122807015,0.4504504504504504,0.4603174603174603,0.47072723555781015,0.02725541431564768,5
95,0.36370148658752444,0.003446452988077613,0.04501800537109375,0.0004266859058415403,entropy,10,7,200,"{'criterion': 'entropy', 'max_depth': 10, 'min_samples_split': 7, 'n_estimators': 200}",0.5,0.4603174603174603,0.5185185185185185,0.4897959183673469,0.46153846153846156,0.48609776994679343,0.02250280766987464,57,0.46875,0.453125,0.4375,0.38095238095238093,0.47619047619047616,0.44339409150757075,0.03378111935402325,31,0.4838709677419355,0.4566929133858268,0.47457627118644063,0.4285714285714286,0.46875,0.4625773029783024,0.019075624639067635,28
96,0.10160555839538574,0.0002365576406289659,0.014826774597167969,0.00019757309043704768,entropy,15,2,50,"{'criterion': 'entropy', 'max_depth': 15, 'min_samples_split': 2, 'n_estimators': 50}",0.5,0.47692307692307695,0.4339622641509434,0.45901639344262296,0.484375,0.47085018346358687,0.02272048175096255,100,0.4375,0.484375,0.359375,0.4444444444444444,0.49206349206349204,0.44339980615902275,0.04727634092166589,23,0.4666666666666667,0.48062015503875966,0.3931623931623932,0.4516129032258064,0.4881889763779527,0.455965114618386,0.033890480876092276,52
97,0.20092148780822755,0.0009956235788931502,0.02663145065307617,0.0005324429899880752,entropy,15,2,100,"{'criterion': 'entropy', 'max_depth': 15, 'min_samples_split': 2, 'n_estimators': 100}",0.5098039215686274,0.4507042253521127,0.49122807017543857,0.41509433962264153,0.5238095238095238,0.478181325379952,0.03985738714270685,84,0.40625,0.5,0.4375,0.3492063492063492,0.5238095238095238,0.4433952344378611,0.06299784168797844,30,0.45217391304347826,0.47407407407407404,0.4628099173553719,0.3793103448275862,0.5238095238095238,0.4584778011369282,0.046351312280378726,43
98,0.43806943893432615,0.06516264959902796,0.05470962524414062,0.01168572347538358,entropy,15,2,200,"{'criterion': 'entropy', 'max_depth': 15, 'min_samples_split': 2, 'n_estimators': 200}",0.4339622641509434,0.44776119402985076,0.46296296296296297,0.4444444444444444,0.5,0.4577377181308226,0.02298295093044792,118,0.359375,0.46875,0.390625,0.38095238095238093,0.5238095238095238,0.4245323129251701,0.06171285319743867,70,0.3931623931623932,0.45801526717557256,0.423728813559322,0.41025641025641024,0.5116279069767442,0.4392255376399718,0.041849640982041574,109
99,0.10193238258361817,0.0008179776773687804,0.01576967239379883,0.0016729634347550548,entropy,15,3,50,"{'criterion': 'entropy', 'max_depth': 15, 'min_samples_split': 3, 'n_estimators': 50}",0.5357142857142857,0.4626865671641791,0.42592592592592593,0.48148148148148145,0.5076923076923077,0.48262707653885406,0.03766745482433398,70,0.46875,0.484375,0.359375,0.4126984126984127,0.5238095238095238,0.44968820861678005,0.05758769162300351,13,0.5,0.4732824427480916,0.38983050847457623,0.4444444444444444,0.515625,0.4645418662726618,0.04459501081339291,22
100,0.20309438705444335,0.005467867268203124,0.02584047317504883,0.00043113118731998403,entropy,15,3,100,"{'criterion': 'entropy', 'max_depth': 15, 'min_samples_split': 3, 'n_estimators': 100}",0.5087719298245614,0.47058823529411764,0.5272727272727272,0.41509433962264153,0.49230769230769234,0.4829858233829298,0.03860026624247545,66,0.453125,0.5,0.453125,0.3492063492063492,0.5079365079365079,0.4528266951942067,0.05636752395677013,12,0.4793388429752066,0.48484848484848486,0.48739495798319327,0.3793103448275862,0.5,0.46634149604218206,0.04378953826695589,14
101,0.40129961967468264,0.001402520433884263,0.04878311157226563,0.0004129393106211025,entropy,15,3,200,"{'criterion': 'entropy', 'max_depth': 15, 'min_samples_split': 3, 'n_estimators': 200}",0.48333333333333334,0.47761194029850745,0.48148148148148145,0.44,0.5079365079365079,0.47809787164923917,0.021723461610948836,85,0.453125,0.5,0.40625,0.3492063492063492,0.5079365079365079,0.44339409150757075,0.05937044265033942,31,0.46774193548387094,0.48854961832061067,0.4406779661016949,0.3893805309734513,0.5079365079365079,0.45891997715375404,0.041153548091535264,40
102,0.10013151168823242,0.0007676104963696761,0.014512348175048827,0.00016456971907183977,entropy,15,5,50,"{'criterion': 'entropy', 'max_depth': 15, 'min_samples_split': 5, 'n_estimators': 50}",0.45454545454545453,0.4696969696969697,0.43103448275862066,0.45454545454545453,0.5,0.4618704123709686,0.022653650039094777,115,0.390625,0.484375,0.390625,0.3968253968253968,0.5238095238095238,0.43711026077097503,0.055948890303124575,49,0.4201680672268907,0.47692307692307695,0.40983606557377045,0.423728813559322,0.5116279069767442,0.4483386811412631,0.039193826620114426,82
103,0.19690194129943847,0.0021232425459001055,0.025641155242919923,0.00028162748570416244,entropy,15,5,100,"{'criterion': 'entropy', 'max_depth': 15, 'min_samples_split': 5, 'n_estimators': 100}",0.5263157894736842,0.4411764705882353,0.44,0.4528301886792453,0.45588235294117646,0.4632955513627432,0.03224032766099128,113,0.46875,0.46875,0.34375,0.38095238095238093,0.49206349206349204,0.43081842952234656,0.05779770240829139,61,0.49586776859504134,0.45454545454545453,0.3859649122807018,0.4137931034482758,0.47328244274809156,0.4446978205829621,0.039896421428881106,92
104,0.3900505542755127,0.0020334849651829365,0.04801831245422363,0.0012274249126737414,entropy,15,5,200,"{'criterion': 'entropy', 'max_depth': 15, 'min_samples_split': 5, 'n_estimators': 200}",0.5,0.46875,0.4727272727272727,0.46296296296296297,0.48484848484848486,0.4778820268739624,0.013201992063889155,86,0.421875,0.46875,0.40625,0.3968253968253968,0.5079365079365079,0.44025331906956333,0.041779452436233044,36,0.4576271186440678,0.46875,0.43697478991596644,0.42735042735042733,0.49612403100775193,0.45733841036800243,0.02420654388928314,49
105,0.09785189628601074,0.000629481121657803,0.014379787445068359,0.00043569504846736087,entropy,15,7,50,"{'criterion': 'entropy', 'max_depth': 15, 'min_samples_split': 7, 'n_estimators': 50}",0.45614035087719296,0.4838709677419355,0.42857142857142855,0.46296296296296297,0.47058823529411764,0.46038777950403437,0.01844538326361223,116,0.40625,0.46875,0.328125,0.3968253968253968,0.5079365079365079,0.4213881116962914,0.06206175463776451,74,0.4297520661157025,0.47619047619047616,0.3716814159292035,0.42735042735042733,0.48854961832061067,0.4385865505689692,0.04148122499375143,112
106,0.19697051048278807,0.0039035569947488604,0.024990272521972657,0.000259795631362594,entropy,15,7,100,"{'criterion': 'entropy', 'max_depth': 15, 'min_samples_split': 7, 'n_estimators': 100}",0.4807692307692308,0.4788732394366197,0.5283018867924528,0.48148148148148145,0.4696969696969697,0.48789974035145606,0.02071038128053412,54,0.390625,0.53125,0.4375,0.4126984126984127,0.49206349206349204,0.45283012398507794,0.05184197843872863,7,0.43103448275862066,0.5037037037037037,0.47863247863247865,0.4444444444444444,0.48062015503875966,0.46771872574616363,0.02637548790048576,11
107,0.38848104476928713,0.0023141937657386925,0.046972227096557614,0.0005967495852652408,entropy,15,7,200,"{'criterion': 'entropy', 'max_depth': 15, 'min_samples_split': 7, 'n_estimators': 200}",0.5238095238095238,0.484375,0.49122807017543857,0.4339622641509434,0.46153846153846156,0.479174567474598,0.0300379386988646,82,0.515625,0.484375,0.4375,0.36507936507936506,0.47619047619047616,0.45596975349279495,0.051624977206761895,5,0.5196850393700788,0.484375,0.4628099173553719,0.39655172413793105,0.46875,0.4666419151226224,0.04008438557692949,13
108,0.10384316444396972,0.0006836839625956697,0.014888238906860352,0.00016858640949032002,entropy,,2,50,"{'criterion': 'entropy', 'max_depth': None, 'min_samples_split': 2, 'n_estimators': 50}",0.5614035087719298,0.48333333333333334,0.4339622641509434,0.42105263157894735,0.48484848484848486,0.47706732248648515,0.049465093348874764,87,0.5,0.453125,0.359375,0.38095238095238093,0.5079365079365079,0.44025217613927287,0.06060160926672947,39,0.5289256198347108,0.46774193548387094,0.3931623931623932,0.4,0.49612403100775193,0.4572468867142976,0.05321051069326598,50
109,0.2067192554473877,0.0009897577340761128,0.026849842071533202,0.00011173593988537458,entropy,,2,100,"{'criterion': 'entropy', 'max_depth': None, 'min_samples_split': 2, 'n_estimators': 100}",0.5454545454545454,0.5,0.4423076923076923,0.4339622641509434,0.5,0.4844515902032639,0.04132720179767295,63,0.46875,0.546875,0.359375,0.36507936507936506,0.5079365079365079,0.4496836368956184,0.07553774716521652,17,0.5042016806722689,0.5223880597014925,0.39655172413793105,0.39655172413793105,0.5039370078740157,0.46481502040026546,0.0560673257212437,21
110,0.4116373538970947,0.0021161916364147654,0.05006275177001953,0.0007852246548549209,entropy,,2,200,"{'criterion': 'entropy', 'max_depth': None, 'min_samples_split': 2, 'n_estimators': 200}",0.5102040816326531,0.4696969696969697,0.4482758620689655,0.4107142857142857,0.4925373134328358,0.4663757787176555,0.034702178063921,108,0.390625,0.484375,0.40625,0.36507936507936506,0.5238095238095238,0.4339637736815156,0.05986427564400493,55,0.4424778761061947,0.47692307692307695,0.4262295081967213,0.3865546218487395,0.5076923076923077,0.4479807132586793,0.04152179793696222,83
111,0.10383186340332032,0.000897277248443974,0.014976072311401366,0.0004760935803138158,entropy,,3,50,"{'criterion': 'entropy', 'max_depth': None, 'min_samples_split': 3, 'n_estimators': 50}",0.5660377358490566,0.5,0.4423076923076923,0.43859649122807015,0.47619047619047616,0.48479380934796706,0.04664289806575501,61,0.46875,0.515625,0.359375,0.3968253968253968,0.47619047619047616,0.4433952344378612,0.05694411530162841,28,0.5128205128205129,0.5076923076923077,0.39655172413793105,0.4166666666666667,0.47619047619047616,0.46207991824549904,0.047422899274145676,31
112,0.20548534393310547,0.0007672740765332613,0.026886129379272462,0.0012850336375665233,entropy,,3,100,"{'criterion': 'entropy', 'max_depth': None, 'min_samples_split': 3, 'n_estimators': 100}",0.5102040816326531,0.5,0.4339622641509434,0.3888888888888889,0.5076923076923077,0.46827152942646,0.04847593664716204,104,0.390625,0.53125,0.359375,0.3333333333333333,0.5238095238095238,0.4276730853631775,0.08347858851585008,65,0.4424778761061947,0.5151515151515151,0.3931623931623932,0.358974358974359,0.515625,0.44512602314397204,0.06314359163537209,91
113,0.41059169769287107,0.003490374213230941,0.05058512687683105,0.0014208516333211788,entropy,,3,200,"{'criterion': 'entropy', 'max_depth': None, 'min_samples_split': 3, 'n_estimators': 200}",0.4727272727272727,0.4927536231884058,0.46296296296296297,0.4107142857142857,0.49206349206349204,0.4663356049868439,0.029919191054042702,109,0.40625,0.53125,0.390625,0.36507936507936506,0.49206349206349204,0.43710568904981345,0.06353229550349371,52,0.43697478991596644,0.5112781954887218,0.423728813559322,0.3865546218487395,0.49206349206349204,0.45018640915355335,0.04557252836837208,76
114,0.10140337944030761,0.0011611125855108032,0.01472616195678711,0.00019617175731141253,entropy,,5,50,"{'criterion': 'entropy', 'max_depth': None, 'min_samples_split': 5, 'n_estimators': 50}",0.5294117647058824,0.45588235294117646,0.48148148148148145,0.4528301886792453,0.4857142857142857,0.4811364680224336,0.027572655215534356,76,0.421875,0.484375,0.40625,0.38095238095238093,0.5396825396825397,0.446542864457611,0.057520958879051995,19,0.46956521739130436,0.4696969696969697,0.4406779661016949,0.4137931034482758,0.5112781954887218,0.46099286886445257,0.03248996289013704,35
115,0.20093855857849122,0.0014669157547790856,0.025990676879882813,8.22921196562011e-05,entropy,,5,100,"{'criterion': 'entropy', 'max_depth': None, 'min_samples_split': 5, 'n_estimators': 100}",0.4915254237288136,0.4666666666666667,0.48214285714285715,0.4528301886792453,0.45454545454545453,0.46963953318511287,0.015190803161832557,102,0.453125,0.4375,0.421875,0.38095238095238093,0.47619047619047616,0.4339614878209348,0.03187473668072103,56,0.4715447154471545,0.45161290322580644,0.44999999999999996,0.4137931034482758,0.46511627906976744,0.4504807348555844,0.019968683478684964,74
116,0.405064058303833,0.006002376335423437,0.04883427619934082,0.0006094089210060757,entropy,,5,200,"{'criterion': 'entropy', 'max_depth': None, 'min_samples_split': 5, 'n_estimators': 200}",0.4716981132075472,0.484375,0.4727272727272727,0.4528301886792453,0.46153846153846156,0.46870415735106846,0.010704413905527357,103,0.390625,0.484375,0.40625,0.38095238095238093,0.47619047619047616,0.4276730853631775,0.043755165862465625,65,0.42735042735042733,0.484375,0.43697478991596644,0.4137931034482758,0.46875,0.44627924547884057,0.026281986395742137,88
117,0.10343093872070312,0.0011912695272836033,0.014825391769409179,0.00014053284992356148,entropy,,7,50,"{'criterion': 'entropy', 'max_depth': None, 'min_samples_split': 7, 'n_estimators': 50}",0.49122807017543857,0.4444444444444444,0.5192307692307693,0.48214285714285715,0.47761194029850745,0.48295038257199924,0.024141231281152142,68,0.4375,0.4375,0.421875,0.42857142857142855,0.5079365079365079,0.4465440073879014,0.031084498990644183,18,0.4628099173553719,0.4409448818897637,0.46551724137931033,0.45378151260504196,0.4923076923076923,0.46301097504692035,0.01691774117857428,26
118,0.19795818328857423,0.0023944616667907247,0.025607538223266602,0.0002378567465453227,entropy,,7,100,"{'criterion': 'entropy', 'max_depth': None, 'min_samples_split': 7, 'n_estimators': 100}",0.5245901639344263,0.47692307692307695,0.4807692307692308,0.43636363636363634,0.4782608695652174,0.47951699700141975,0.027925018725918137,80,0.5,0.484375,0.390625,0.38095238095238093,0.5238095238095238,0.4559743252139566,0.058641486073626924,3,0.512,0.48062015503875966,0.43103448275862066,0.4067796610169491,0.5,0.4661648753035995,0.04048233813554128,15
119,0.3932647705078125,0.0034991065165613632,0.04812932014465332,0.0009113497964698165,entropy,,7,200,"{'criterion': 'entropy', 'max_depth': None, 'min_samples_split': 7, 'n_estimators': 200}",0.48148148148148145,0.44776119402985076,0.47540983606557374,0.4444444444444444,0.4696969696969697,0.4637998793253718,0.014930736934534351,112,0.40625,0.46875,0.453125,0.38095238095238093,0.49206349206349204,0.44025103320898246,0.04072056675643559,41,0.4406779661016949,0.45801526717557256,0.46399999999999997,0.41025641025641024,0.48062015503875966,0.45074637554899993,0.023834595638885035,72
